Date,HMFSI
1877-12-01,1.2203866267923693
1878-01-01,1.4788812114465713
1878-02-01,1.100970388290089
1878-03-01,0.595579432357024
1878-04-01,0.7259548860144435
1878-05-01,0.9367439025485137
1878-06-01,0.2307399224924678
1878-07-01,0.16000962901544974
1878-08-01,-0.34948303601933906
1878-09-01,-0.4389191719728239
1878-10-01,-0.38396266441966054
1878-11-01,-0.5237134093801755
1878-12-01,-0.35266500539843254
1879-01-01,-0.8271375327801217
1879-02-01,-0.7962663060905324
1879-03-01,-0.8635548498545421
1879-04-01,-0.821849988355479
1879-05-01,-1.3180600433434453
1879-06-01,-1.4692499139760915
1879-07-01,-1.443500870022344
1879-08-01,-1.3733176781535787
1879-09-01,-1.3031203584642508
1879-10-01,-1.2759288060037035
1879-11-01,-1.3415152209421641
1879-12-01,-1.6326131893646585
1880-01-01,-1.6662295390207325
1880-02-01,-1.0518605543754485
1880-03-01,-1.0025158552031022
1880-04-01,-0.36003077433654135
1880-05-01,0.13047842697463677
1880-06-01,0.30897761284580616
1880-07-01,0.43716432412269113
1880-08-01,0.46083377038283635
1880-09-01,0.5292423407328651
1880-10-01,0.5474390932680612
1880-11-01,0.39731392161006035
1880-12-01,0.2784611167651783
1881-01-01,-0.033776400935888094
1881-02-01,0.652528593200624
1881-03-01,0.9047576551627237
1881-04-01,0.5480951345461758
1881-05-01,0.31325393435931115
1881-06-01,0.08396317415565108
1881-07-01,0.07579149322936418
1881-08-01,0.051851395126982516
1881-09-01,0.14930483881956813
1881-10-01,-0.007617638650582803
1881-11-01,0.008963154226658882
1881-12-01,-0.1905626882995428
1882-01-01,-1.009653224051597
1882-02-01,-0.7676857884751362
1882-03-01,-0.7026523063162358
1882-04-01,-0.6620192619570175
1882-05-01,-0.8221116497693798
1882-06-01,-0.8761412695645676
1882-07-01,-0.6824434607310055
1882-08-01,-0.6763607695687759
1882-09-01,-0.3879016062506245
1882-10-01,-0.32346614675787366
1882-11-01,-0.38254656636469314
1882-12-01,-0.3980798464139821
1883-01-01,-0.6565194189026241
1883-02-01,-0.585034687878291
1883-03-01,-0.4812427590933088
1883-04-01,-0.3959470178011308
1883-05-01,-0.34678425216689224
1883-06-01,-0.0773858648038376
1883-07-01,-0.025475560120272505
1883-08-01,-0.10912525135832762
1883-09-01,-0.371319154351347
1883-10-01,-0.457317330484597
1883-11-01,-0.5064109547195819
1883-12-01,-0.5766481122190789
1884-01-01,-0.6730695460533683
1884-02-01,-0.44930306864128167
1884-03-01,-0.4307128015278619
1884-04-01,-0.28568737898647817
1884-05-01,-0.17535980408871957
1884-06-01,-0.5105313684691013
1884-07-01,-0.6592156891825767
1884-08-01,-0.6972973838969856
1884-09-01,-0.7276944983405863
1884-10-01,-0.7158479445103533
1884-11-01,-0.6396536860201789
1884-12-01,-0.7473593646453589
1885-01-01,-1.0550339140819434
1885-02-01,-0.8606843249770797
1885-03-01,-0.6465868213236386
1885-04-01,-0.7390330201680044
1885-05-01,-0.6910814055120374
1885-06-01,-0.48430687741719813
1885-07-01,-0.5051839732653528
1885-08-01,-0.49960678561982735
1885-09-01,-0.4988838067006421
1885-10-01,-0.576837541214365
1885-11-01,-0.8150814527532568
1885-12-01,-0.9317657597290196
1886-01-01,-0.8314505437006009
1886-02-01,0.21281882502903096
1886-03-01,0.4240920881435062
1886-04-01,0.7423792240705812
1886-05-01,0.8865228090801804
1886-06-01,0.791365902249296
1886-07-01,0.7922547082556425
1886-08-01,0.730537512705664
1886-09-01,0.5517559796979611
1886-10-01,0.42699706228100437
1886-11-01,0.2647252360692507
1886-12-01,-0.09114282728948739
1887-01-01,-1.2093341983964776
1887-02-01,-1.215483811624074
1887-03-01,-1.2975818011994225
1887-04-01,-1.396503209346471
1887-05-01,-1.7854980402810916
1887-06-01,-1.7414658487430545
1887-07-01,-1.4631398219822003
1887-08-01,-1.4209391258754254
1887-09-01,-1.2295793932866246
1887-10-01,-1.2429973010905113
1887-11-01,-1.2712204513374172
1887-12-01,-1.2266482069336815
1888-01-01,-1.2228640003664268
1888-02-01,0.10462708742531464
1888-03-01,0.49156132295101
1888-04-01,0.8551362393177154
1888-05-01,1.1108528656097167
1888-06-01,1.1677529693320177
1888-07-01,0.9980792749306955
1888-08-01,1.00041726351998
1888-09-01,0.7686504054240816
1888-10-01,0.6271753804621049
1888-11-01,0.42135640313060524
1888-12-01,0.07196527117138929
1889-01-01,-0.2704734681797876
1889-02-01,0.2145993159853589
1889-03-01,0.4568450536595144
1889-04-01,0.44922464536040474
1889-05-01,0.6730828628751286
1889-06-01,0.5855855497361638
1889-07-01,0.576346236307269
1889-08-01,0.5320426749244631
1889-09-01,0.46052729417193816
1889-10-01,0.3712518960402007
1889-11-01,0.22434463274360553
1889-12-01,0.015268015488753632
1890-01-01,-0.760505740007336
1890-02-01,-0.2649122857468888
1890-03-01,-0.1783748275916468
1890-04-01,-0.05384315700627834
1890-05-01,-0.3911327480428373
1890-06-01,-0.3385083986798028
1890-07-01,-0.3258875942885037
1890-08-01,-0.1859271324507298
1890-09-01,-0.2247104910803042
1890-10-01,-0.301429258401801
1890-11-01,-0.06496910964250083
1890-12-01,-0.21813668554550333
1891-01-01,-1.0430956982291513
1891-02-01,-0.48757371174926506
1891-03-01,-0.3174867594433439
1891-04-01,-0.23132371870583332
1891-05-01,0.10396222826990846
1891-06-01,0.5177333470314683
1891-07-01,0.6752330050304562
1891-08-01,0.5280629680944401
1891-09-01,0.5890467585096701
1891-10-01,0.50216386168879
1891-11-01,0.18734537302180254
1891-12-01,-0.01901626301057441
1892-01-01,-0.3880635737354167
1892-02-01,0.04897856408925171
1892-03-01,0.436067007715938
1892-04-01,0.48011856214542126
1892-05-01,0.4642855694618982
1892-06-01,0.24012332635807251
1892-07-01,0.3532705823534472
1892-08-01,0.30714517002397745
1892-09-01,0.13661391478766535
1892-10-01,0.04542314384119598
1892-11-01,-0.1630224825029685
1892-12-01,-0.378039446252655
1893-01-01,-1.2154382784817226
1893-02-01,-0.7311242724817728
1893-03-01,-0.5736057816295034
1893-04-01,-0.45928851586274605
1893-05-01,-0.19464577431923882
1893-06-01,0.2558946208893522
1893-07-01,0.6821257937780916
1893-08-01,1.2841458883952053
1893-09-01,1.2840187621528025
1893-10-01,1.1434636949419201
1893-11-01,1.3440852914268198
1893-12-01,1.2676572058418019
1894-01-01,0.8136991118810248
1894-02-01,1.3688219635972287
1894-03-01,1.5750332264453653
1894-04-01,1.6222326248408179
1894-05-01,1.6224875184357777
1894-06-01,1.4579990693749114
1894-07-01,1.2337914286058598
1894-08-01,0.7213890914887324
1894-09-01,0.5086886711094681
1894-10-01,0.7289058322814075
1894-11-01,0.3232754133991373
1894-12-01,0.11919772671036724
1895-01-01,-0.77700121039053
1895-02-01,0.14596320038621285
1895-03-01,0.07085756970553936
1895-04-01,0.4379799749603552
1895-05-01,0.4908987124775124
1895-06-01,0.48158952727569554
1895-07-01,0.6813386668517918
1895-08-01,0.8679644235628186
1895-09-01,0.8334483390143054
1895-10-01,0.2725236643002412
1895-11-01,0.07266984704947821
1895-12-01,-0.2535769361184444
1896-01-01,-1.0464019225776564
1896-02-01,0.06620206754050166
1896-03-01,0.42828777101327803
1896-04-01,0.4563829963545511
1896-05-01,0.6569945357714353
1896-06-01,0.6878107407939476
1896-07-01,0.6406039562988607
1896-08-01,0.5116233009237005
1896-09-01,0.42739304043763177
1896-10-01,0.6316306423433765
1896-11-01,0.5572692694560417
1896-12-01,0.12791888797130224
1897-01-01,-0.48522672873467176
1897-02-01,-0.2356589513704267
1897-03-01,-0.10526631145563627
1897-04-01,-0.03483559743675038
1897-05-01,0.0007720536659393294
1897-06-01,-0.15154313755966414
1897-07-01,-0.15836872233036517
1897-08-01,-0.046827222238063064
1897-09-01,-0.14885694386944553
1897-10-01,0.04549403619542085
1897-11-01,-0.008591662251360842
1897-12-01,-0.1545411878225338
1898-01-01,-0.9668337285151233
1898-02-01,-0.5007839539737857
1898-03-01,-0.3045827371203952
1898-04-01,-0.34999991078900766
1898-05-01,-0.13490868795974842
1898-06-01,1.3310785908089517
1898-07-01,1.50069213616398
1898-08-01,1.5828098997036653
1898-09-01,1.63393322370848
1898-10-01,1.4309137002026524
1898-11-01,1.30569944087962
1898-12-01,1.0346705032098076
1899-01-01,0.5000242162589272
1899-02-01,1.2667672816575
1899-03-01,1.541068528869908
1899-04-01,1.6294867740778887
1899-05-01,1.5646720536469276
1899-06-01,-0.020015778626723595
1899-07-01,-0.3076558702902157
1899-08-01,-0.41721972593747847
1899-09-01,-0.4710901685457767
1899-10-01,-0.6770819466081011
1899-11-01,-0.9412112695331608
1899-12-01,-1.1498418958859433
1900-01-01,-1.8964863428888226
1900-02-01,-1.572450008460536
1900-03-01,-1.4473267310807985
1900-04-01,-1.222961027172196
1900-05-01,-0.6948121292953446
1900-06-01,-0.3924085375151586
1900-07-01,-0.37629494751219544
1900-08-01,-0.12585575477560443
1900-09-01,-0.26270894974049697
1900-10-01,-0.1062763932445584
1900-11-01,-0.13304012101010004
1900-12-01,-0.0975115275419223
1901-01-01,-0.39642077514273905
1901-02-01,0.056245620006785756
1901-03-01,0.15059835832997248
1901-04-01,0.29562566965311626
1901-05-01,0.03268206667583884
1901-06-01,-0.08537984353853276
1901-07-01,-0.10749802649364364
1901-08-01,-0.2999354908760948
1901-09-01,-0.3662764590700322
1901-10-01,-0.6050495404199444
1901-11-01,-0.763641041801322
1901-12-01,-1.1550932276118682
1902-01-01,-1.312257718150677
1902-02-01,-1.4093354073749407
1902-03-01,-1.398606723744035
1902-04-01,-1.6663120874180648
1902-05-01,-1.7367948535394868
1902-06-01,-1.8133359123981592
1902-07-01,-1.7122468108883884
1902-08-01,-1.4344056704142842
1902-09-01,-1.4321230350401668
1902-10-01,-0.9212360378299702
1902-11-01,-0.29526544948641853
1902-12-01,-0.2979600013984557
1903-01-01,-0.5939136680129496
1903-02-01,-0.49689179306786124
1903-03-01,0.04358528321594004
1903-04-01,0.16553408680150944
1903-05-01,0.5192733123436812
1903-06-01,0.5923972745250874
1903-07-01,0.59563065974519
1903-08-01,0.4857124940810136
1903-09-01,0.4807554290282747
1903-10-01,0.1562927370665701
1903-11-01,-0.22999463293899836
1903-12-01,-0.2639227330501639
1904-01-01,-0.2833390026189777
1904-02-01,-0.2536532008081847
1904-03-01,-0.6495880500657925
1904-04-01,-0.5424370990863666
1904-05-01,-0.5546700361616257
1904-06-01,-0.5788381405729801
1904-07-01,-0.6020151674373243
1904-08-01,-0.6625645233520842
1904-09-01,-0.6801110809516996
1904-10-01,-0.8418074509876963
1904-11-01,-1.0543228124149986
1904-12-01,-1.0781810863832404
1905-01-01,-1.0922822230134877
1905-02-01,-0.7464538246827815
1905-03-01,-0.6417373436821343
1905-04-01,-0.7076190739341957
1905-05-01,-0.9091169715665568
1905-06-01,-0.8732479998105269
1905-07-01,-0.8560556553982479
1905-08-01,-0.8606065713738545
1905-09-01,-0.7031637764905645
1905-10-01,-0.7307658675274857
1905-11-01,-0.892331497839482
1905-12-01,-1.0131090842295436
1906-01-01,-1.3526524555044908
1906-02-01,-0.5468372602654298
1906-03-01,-0.4157519641443363
1906-04-01,-0.2332397375108531
1906-05-01,-0.32606329567850945
1906-06-01,-0.2493394518051466
1906-07-01,0.5200681126385442
1906-08-01,0.5256996359377998
1906-09-01,0.27634361963480814
1906-10-01,0.10198445717543007
1906-11-01,-0.06410083315643904
1906-12-01,-0.33226023030942936
1907-01-01,-0.9768546969680906
1907-02-01,-0.9414784485622464
1907-03-01,-0.7513113270229608
1907-04-01,-0.7123223272980203
1907-05-01,-0.7063627982661908
1907-06-01,-0.7619714897786473
1907-07-01,-1.4415431248645576
1907-08-01,-1.298375030180103
1907-09-01,-1.1870793652686673
1907-10-01,-1.1779761486694207
1907-11-01,-0.22988941801340998
1907-12-01,0.0446111150410902
1908-01-01,-0.06877020823810671
1908-02-01,0.8765617700629242
1908-03-01,1.0610120242590073
1908-04-01,1.1874970324382252
1908-05-01,1.2808366632343924
1908-06-01,1.3292493395103222
1908-07-01,1.3031194480514159
1908-08-01,1.2537540435815584
1908-09-01,1.154220046735608
1908-10-01,0.9990008603058032
1908-11-01,-0.04177021100074618
1908-12-01,-0.7737493923951017
1909-01-01,-1.6156438335066745
1909-02-01,-1.1694102484133102
1909-03-01,-0.922432231876851
1909-04-01,-0.7276508684384229
1909-05-01,-0.7100390051108328
1909-06-01,-0.7431279366274565
1909-07-01,-0.6398267986056739
1909-08-01,-0.7480422271066856
1909-09-01,-0.8937261070399329
1909-10-01,-0.981294410292463
1909-11-01,-1.0948935431294917
1909-12-01,-1.2895533976597613
1910-01-01,-1.9697754485153496
1910-02-01,-1.5975141828602264
1910-03-01,-1.595146555147447
1910-04-01,-1.4861214198458534
1910-05-01,-0.9200405368216742
1910-06-01,-0.651881472812022
1910-07-01,-0.6131812707853854
1910-08-01,-0.4005456815117315
1910-09-01,-0.22686715649171652
1910-10-01,0.24043246123696788
1910-11-01,0.4098213209252744
1910-12-01,0.3039967259343807
1911-01-01,-0.013210991288725259
1911-02-01,0.42982408203351385
1911-03-01,0.3615373169965109
1911-04-01,0.6287155285152417
1911-05-01,0.45697823304110935
1911-06-01,0.35648073701588945
1911-07-01,0.30669678224899327
1911-08-01,0.30593284734924797
1911-09-01,0.1478965044454014
1911-10-01,-0.27639258216664736
1911-11-01,-0.4723183692790922
1911-12-01,-0.45057814882330194
1912-01-01,-0.6392826494311635
1912-02-01,-0.0798350684953395
1912-03-01,0.275910939484363
1912-04-01,-0.17918763319492448
1912-05-01,-0.018429165641554123
1912-06-01,0.22191326697896027
1912-07-01,0.34279242337217414
1912-08-01,0.2814122851067494
1912-09-01,0.20875827649061432
1912-10-01,0.08687740067033677
1912-11-01,-0.2541070052222852
1912-12-01,-0.5903974841809393
1913-01-01,-1.6051808730832946
1913-02-01,0.40428241946741406
1913-03-01,1.1286465531590608
1913-04-01,1.376979039399542
1913-05-01,1.7433541564741988
1913-06-01,1.6894639371971034
1913-07-01,1.6643947852249361
1913-08-01,1.6276600362671836
1913-09-01,1.4716525348601917
1913-10-01,1.2259532646218283
1913-11-01,0.831551138207131
1913-12-01,0.2981969064853522
1914-01-01,-1.213100247222522
1914-02-01,-0.2837760009044138
1914-03-01,-0.016865815287238375
1914-04-01,0.2536436013911106
1914-05-01,0.16722561659755833
1914-06-01,0.23818380125871294
1914-07-01,0.23356582750775515
1914-08-01,0.20601095105504047
1914-09-01,0.18017206615418588
1914-10-01,0.18009095242520873
1914-11-01,-0.00935162802147837
1914-12-01,-0.30164219944148274
1915-01-01,-1.101784741218818
1915-02-01,-0.5466725434350833
1915-03-01,-0.24030632683731368
1915-04-01,-0.2784131311527855
1915-05-01,-0.19289500282405717
1915-06-01,-0.14885849817636623
1915-07-01,-0.09682519040452647
1915-08-01,-0.1529260689026817
1915-09-01,-0.20744709634926406
1915-10-01,-0.43914147111022095
1915-11-01,-0.5707314322818876
1915-12-01,-0.913979599016678
1916-01-01,-1.5273014725214311
1916-02-01,-0.8931448471563778
1916-03-01,-0.8676499660391238
1916-04-01,-0.6740237522260696
1916-05-01,-0.5506027925399106
1916-06-01,-0.548279683781307
1916-07-01,-0.5087744186813168
1916-08-01,-0.6031332144578996
1916-09-01,-0.7187264308222073
1916-10-01,-0.7921554388718989
1916-11-01,-0.9392955940243709
1916-12-01,-1.2962820972393951
1917-01-01,-2.0287290421034343
1917-02-01,-1.77744148727075
1917-03-01,-1.4660803584028754
1917-04-01,-1.136040115157507
1917-05-01,-1.0906943978384585
1917-06-01,-1.0655202971850621
1917-07-01,-0.6858098430023047
1917-08-01,-0.6877508640943157
1917-09-01,-0.6732161343970656
1917-10-01,-0.6457969304719982
1917-11-01,-0.49010012364989736
1917-12-01,-0.6132933775987003
1918-01-01,-0.999555535245138
1918-02-01,0.03041957468375228
1918-03-01,0.4766841930252991
1918-04-01,0.5413752923278237
1918-05-01,0.6678522457328326
1918-06-01,0.7558479039202285
1918-07-01,0.279522038428643
1918-08-01,0.26264040370625136
1918-09-01,0.21930103144231103
1918-10-01,0.0968944009382164
1918-11-01,-0.302460308476561
1918-12-01,-0.557543652741434
1919-01-01,-1.1655550456191952
1919-02-01,0.4951609548071206
1919-03-01,0.6243772794546016
1919-04-01,0.839923063402611
1919-05-01,1.028783782145717
1919-06-01,1.2466031901782524
1919-07-01,1.2622180274155348
1919-08-01,1.2214127398877586
1919-09-01,1.2024722151025302
1919-10-01,1.0343123919927046
1919-11-01,0.7801585366667863
1919-12-01,0.35668250827965836
1920-01-01,-0.9188355493635786
1920-02-01,-0.8495435218546646
1920-03-01,-0.5697779944426512
1920-04-01,-0.3892830880696454
1920-05-01,-0.2981495361754961
1920-06-01,-0.4707254526460938
1920-07-01,-0.046349006623519054
1920-08-01,0.7350952370511702
1920-09-01,0.9887182898217555
1920-10-01,1.0649235901703231
1920-11-01,1.0561976436295173
1920-12-01,1.1497810032675524
1921-01-01,0.7124065171657449
1921-02-01,2.9274544760080228
1921-03-01,3.507202599297213
1921-04-01,3.6960831458812735
1921-05-01,3.8762491862219446
1921-06-01,3.7057421928135215
1921-07-01,3.6214292213441754
1921-08-01,3.2570465263907216
1921-09-01,2.9678590398339453
1921-10-01,2.6266666850975544
1921-11-01,2.18243264430489
1921-12-01,1.4119887024874374
1922-01-01,-0.19704585070742428
1922-02-01,0.7488520095185242
1922-03-01,1.220397686650151
1922-04-01,1.376278786396119
1922-05-01,1.1979694259466636
1922-06-01,1.174294124767528
1922-07-01,1.1161019446338325
1922-08-01,1.0977925943776785
1922-09-01,0.8310276377512454
1922-10-01,0.5892600268425485
1922-11-01,0.21616490294109636
1922-12-01,-0.3195369606554389
1923-01-01,-2.0187965095754543
1923-02-01,-1.435285097396223
1923-03-01,-1.3958586609526524
1923-04-01,-1.2539756415728318
1923-05-01,-1.12383424120331
1923-06-01,-1.0483421409286076
1923-07-01,-0.9626841922263302
1923-08-01,-1.0660144103084717
1923-09-01,-1.0977311889474752
1923-10-01,-1.1249841642928515
1923-11-01,-1.159421343108204
1923-12-01,-1.2785622611659444
1924-01-01,-1.8928166324872318
1924-02-01,-1.6092512610080383
1924-03-01,-1.4367461214744033
1924-04-01,-1.2737337432601168
1924-05-01,-1.230724721667836
1924-06-01,-1.1810781240862844
1924-07-01,-1.2029772718500358
1924-08-01,-1.18627576853309
1924-09-01,-1.1817223180458698
1924-10-01,-1.1885221395670722
1924-11-01,-1.2114636748334893
1924-12-01,-1.2680568369718037
1925-01-01,-1.4215578697127813
1925-02-01,-1.3848480224426334
1925-03-01,-1.4627434999493556
1925-04-01,-1.4539515845005717
1925-05-01,-1.4710171778988554
1925-06-01,-1.4807607642848366
1925-07-01,-1.470301744365516
1925-08-01,-1.555466794119979
1925-09-01,-1.5113834380580382
1925-10-01,-1.4750654235574736
1925-11-01,-1.4848354518593385
1925-12-01,-1.3673144877852996
1926-01-01,-1.3956917402264544
1926-02-01,-1.2169189466606667
1926-03-01,-1.006450179003082
1926-04-01,-1.060974525880536
1926-05-01,-0.8998785395837094
1926-06-01,-0.7746318000388207
1926-07-01,-0.6028844701142491
1926-08-01,-0.5598499443564124
1926-09-01,-0.5983221306061234
1926-10-01,-0.6543013753711728
1926-11-01,-0.7891004211319453
1926-12-01,-0.9340061080245597
1927-01-01,-1.0493002670976368
1927-02-01,-0.4799882366223608
1927-03-01,-0.3042171373977057
1927-04-01,-0.19739798216462273
1927-05-01,-0.18355466589188268
1927-06-01,-0.19826081904769108
1927-07-01,-0.07506967065928322
1927-08-01,-0.10255177294479283
1927-09-01,-0.1570153961642909
1927-10-01,-0.24176525528123
1927-11-01,-0.3076027784051342
1927-12-01,-0.5085072826472467
1928-01-01,-1.1841184245528884
1928-02-01,-0.6597403952577743
1928-03-01,-0.5644954692871861
1928-04-01,-0.4792276341047088
1928-05-01,-0.4264701889031601
1928-06-01,-0.3538421162786604
1928-07-01,-0.6190169825325391
1928-08-01,-0.6861600812929578
1928-09-01,-0.6849796641515339
1928-10-01,-0.6679013725589444
1928-11-01,-0.8209313099350822
1928-12-01,-0.9156617480638386
1929-01-01,-1.3630058413780182
1929-02-01,-0.5935320501575082
1929-03-01,-0.1931370924531496
1929-04-01,0.07824305342676194
1929-05-01,0.2064264227343707
1929-06-01,0.19538380464607674
1929-07-01,0.2135970263739942
1929-08-01,0.1910567823510982
1929-09-01,0.12322504679412205
1929-10-01,-0.0737239641836052
1929-11-01,-0.2680639737513719
1929-12-01,-0.58139564479778
1930-01-01,-1.427652373623366
1930-02-01,-0.7841570837371512
1930-03-01,-0.5809534332047999
1930-04-01,-0.5384832348841619
1930-05-01,-0.36636468966213787
1930-06-01,-0.2427742919256778
1930-07-01,-0.13947878154433985
1930-08-01,-0.12664496363322983
1930-09-01,-0.16479410404227052
1930-10-01,-0.21418174458147413
1930-11-01,-0.3169272159137226
1930-12-01,-0.3142588154613997
1931-01-01,-0.8280849515766747
1931-02-01,-0.3140084047794795
1931-03-01,-0.170228367901003
1931-04-01,-0.10121798728928456
1931-05-01,0.004956134524536094
1931-06-01,0.07309113363814604
1931-07-01,-0.002865250569967912
1931-08-01,-0.058303999967916666
1931-09-01,-0.14936747508881282
1931-10-01,-0.2431789532545393
1931-11-01,-0.31246363728621007
1931-12-01,-0.6636121785027259
1932-01-01,-0.9999077743945539
1932-02-01,0.1222911346365911
1932-03-01,0.48369922349875827
1932-04-01,0.6897819692968232
1932-05-01,0.8230597247485741
1932-06-01,0.8167996527279605
1932-07-01,0.8124031452413828
1932-08-01,0.7545316553495808
1932-09-01,0.6387186377970148
1932-10-01,0.4604008800719778
1932-11-01,0.14101979380827978
1932-12-01,-0.25331271572313513
1933-01-01,-1.4849891276119394
1933-02-01,-1.1848136343592903
1933-03-01,-1.0908047074225842
1933-04-01,-1.0285656894121544
1933-05-01,-1.088395079483625
1933-06-01,-1.0383111448802416
1933-07-01,-0.7500696658451956
1933-08-01,-0.8265159176825624
1933-09-01,-0.8866488885673838
1933-10-01,-0.9645133575459289
1933-11-01,-1.0633428096515336
1933-12-01,-1.2036608144448733
1934-01-01,-1.651227012861477
1934-02-01,-1.6811916156773954
1934-03-01,-1.6652702597979767
1934-04-01,-1.5631145898168006
1934-05-01,-1.4782414185610888
1934-06-01,-1.4069961012873462
1934-07-01,-1.6064008769537108
1934-08-01,-1.5531818289128676
1934-09-01,-1.4707247736399518
1934-10-01,-1.3350514266182287
1934-11-01,-1.3403641548114298
1934-12-01,-1.2673642463279127
1935-01-01,-1.46140854847605
1935-02-01,-1.118597111824693
1935-03-01,-0.9701358698900655
1935-04-01,-0.9094941727057013
1935-05-01,-0.8280889254731102
1935-06-01,-0.6251345939205541
1935-07-01,-0.5973526535570929
1935-08-01,-0.5895036802572317
1935-09-01,-0.5902025746279084
1935-10-01,-0.721924142259075
1935-11-01,-0.8156477903583628
1935-12-01,-1.0253559945785382
1936-01-01,-1.3416290003807285
1936-02-01,-1.0657601554468614
1936-03-01,-0.8752782294336551
1936-04-01,-0.8325556065989508
1936-05-01,-0.8122246279635837
1936-06-01,-0.9160455216777654
1936-07-01,-0.9268057045398661
1936-08-01,-0.9579340349770538
1936-09-01,-0.9793961240941599
1936-10-01,-1.0149430012926723
1936-11-01,-1.0456776044632772
1936-12-01,-1.1377556435915068
1937-01-01,-1.4369698842560448
1937-02-01,-1.2002098484951123
1937-03-01,-1.2936227224221282
1937-04-01,-1.2896314140792415
1937-05-01,-1.3108253391639328
1937-06-01,-1.224241922354296
1937-07-01,-1.2103149463325742
1937-08-01,-1.1604602844751486
1937-09-01,-1.2170963097234537
1937-10-01,-1.2402595882639043
1937-11-01,-1.1484023565834467
1937-12-01,-1.1125419128353105
1938-01-01,-1.058998242212834
1938-02-01,-0.8487663926424537
1938-03-01,-0.7807257525653649
1938-04-01,-0.7528644939668054
1938-05-01,-0.6474024439279136
1938-06-01,-0.6468614649331975
1938-07-01,-0.6488698635863277
1938-08-01,-0.6683753137515328
1938-09-01,-0.6975699059592757
1938-10-01,-0.6765188096179275
1938-11-01,-0.7765919602128947
1938-12-01,-0.897092153006815
1939-01-01,-1.2642734742698853
1939-02-01,-1.1921309658720722
1939-03-01,-1.1789736907690238
1939-04-01,-1.1200275093662784
1939-05-01,-1.2095979608109577
1939-06-01,-1.2224753496785172
1939-07-01,-1.2395015436995034
1939-08-01,-1.2582294352148722
1939-09-01,-1.087638865927423
1939-10-01,-1.1116346239203636
1939-11-01,-1.1397087125859513
1939-12-01,-1.1759011106290143
1940-01-01,-1.1790913399658969
1940-02-01,-1.1133063449798453
1940-03-01,-1.0467317556803732
1940-04-01,-1.0913043230904151
1940-05-01,-1.0547115535920535
1940-06-01,-1.0679101559094053
1940-07-01,-0.9567794129753688
1940-08-01,-0.9470671486995798
1940-09-01,-1.0524574425552422
1940-10-01,-1.1586144131269125
1940-11-01,-1.1848227827740263
1940-12-01,-1.2514116491384772
1941-01-01,-1.5313232043809448
1941-02-01,-0.2556591277795492
1941-03-01,0.16905581175694434
1941-04-01,0.4237186522054034
1941-05-01,0.5675839293312789
1941-06-01,0.7663042249815292
1941-07-01,0.6942373551128571
1941-08-01,0.6102360962941645
1941-09-01,0.44285227269613536
1941-10-01,0.1934585764638242
1941-11-01,-0.12152055035435752
1941-12-01,-0.49668446262017657
1942-01-01,-1.7811376412345172
1942-02-01,-1.0740978233146754
1942-03-01,-0.8101737826310778
1942-04-01,-0.5971101565397404
1942-05-01,-0.5009010206822336
1942-06-01,-0.27559675481806345
1942-07-01,-0.3333764190703515
1942-08-01,-0.27922099526701777
1942-09-01,-0.17269698387121601
1942-10-01,-0.2530335744739931
1942-11-01,-0.3877522132246736
1942-12-01,-0.6248441226158864
1943-01-01,-1.266152222355804
1943-02-01,-1.1670924077736855
1943-03-01,-1.1204321507384127
1943-04-01,-1.1257753071194976
1943-05-01,-1.083149813192873
1943-06-01,-1.073101179655007
1943-07-01,-0.8953564090172906
1943-08-01,-0.7480007297692939
1943-09-01,-0.8100142643488092
1943-10-01,-0.7565486316738232
1943-11-01,-0.7269559335600746
1943-12-01,-0.7025639668295043
1944-01-01,-0.7283153250702834
1944-02-01,-0.5726175833798371
1944-03-01,-0.568960838046878
1944-04-01,-0.6019199655779272
1944-05-01,-0.6033689274916398
1944-06-01,-0.636388542294842
1944-07-01,-0.7779241790535506
1944-08-01,-0.9184495140814443
1944-09-01,-0.9295495204625435
1944-10-01,-0.9781312218220851
1944-11-01,-1.0411898052765756
1944-12-01,-1.153316289511819
1945-01-01,-1.354644994443636
1945-02-01,-1.2606003648296642
1945-03-01,-1.2388094084170092
1945-04-01,-1.2080083754018502
1945-05-01,-1.2355538657258451
1945-06-01,-1.2050606644727495
1945-07-01,-1.17659999130809
1945-08-01,-1.1870479379547303
1945-09-01,-1.2051292042365134
1945-10-01,-1.225646260861884
1945-11-01,-1.2526767689406202
1945-12-01,-1.2917129727219476
1946-01-01,-1.4013160731005716
1946-02-01,-0.9386572678583375
1946-03-01,-0.824569348196353
1946-04-01,-0.7749263615675659
1946-05-01,-0.7092960629025786
1946-06-01,-0.6707464971936986
1946-07-01,-0.14448649645053815
1946-08-01,-0.27111428406964655
1946-09-01,-0.3655344123166872
1946-10-01,-0.5424633993867448
1946-11-01,-0.7736874569246882
1946-12-01,-0.8950567501045954
1947-01-01,-1.2177409647351152
1947-02-01,-1.050573151108737
1947-03-01,-0.9836600180769771
1947-04-01,-0.8071123642413942
1947-05-01,-0.6533303642800681
1947-06-01,-0.522092661597863
1947-07-01,-0.7197839362679888
1947-08-01,-0.6844540837550452
1947-09-01,-0.6971971929572446
1947-10-01,-0.548519114082592
1947-11-01,-0.5281506888854892
1947-12-01,-0.5915048031198405
1948-01-01,-0.8877286516658682
1948-02-01,-0.1999265629656856
1948-03-01,0.1590893551225335
1948-04-01,0.17846695313518152
1948-05-01,0.21283965292063198
1948-06-01,0.23612185059537805
1948-07-01,0.23003544446679877
1948-08-01,0.2731120993972372
1948-09-01,0.29395657640892786
1948-10-01,0.2570410707485265
1948-11-01,0.280984742927688
1948-12-01,0.17787177254290604
1949-01-01,-0.2815620785852577
1949-02-01,-0.11765126592013501
1949-03-01,-0.14490430778926708
1949-04-01,-0.18210503803382766
1949-05-01,-0.14213305365051995
1949-06-01,-0.1838406743320857
1949-07-01,-0.1619509638681486
1949-08-01,-0.21381019087079306
1949-09-01,-0.2863112211758749
1949-10-01,-0.30079765403703085
1949-11-01,-0.484827057751868
1949-12-01,-0.534421635877746
1950-01-01,-0.7942428138320253
1950-02-01,-0.5462834431195589
1950-03-01,-0.4536703775948399
1950-04-01,-0.38426256671429054
1950-05-01,-0.4206042235871367
1950-06-01,-0.42136275718444
1950-07-01,-0.5641946427497028
1950-08-01,-0.6034523191857186
1950-09-01,-0.6456514967392657
1950-10-01,-0.893936393492398
1950-11-01,-0.9777657808381738
1950-12-01,-1.3308760200914078
1951-01-01,-1.847516283499361
1951-02-01,-1.713153323968796
1951-03-01,-1.6043994147271197
1951-04-01,-1.5254312755992612
1951-05-01,-1.4566981247355448
1951-06-01,-1.3389390802484815
1951-07-01,-1.1910055207771657
1951-08-01,-1.0788694270496568
1951-09-01,-1.091688272269452
1951-10-01,-1.0589985569856846
1951-11-01,-1.1060545269432394
1951-12-01,-1.1219264321649551
1952-01-01,-1.2961424973889812
1952-02-01,-1.0365940908082154
1952-03-01,-0.9734566548510681
1952-04-01,-0.9765985313274048
1952-05-01,-0.9284388092047062
1952-06-01,-0.9433670987909097
1952-07-01,-0.9770383628979927
1952-08-01,-0.9744640659190472
1952-09-01,-0.9373595875582481
1952-10-01,-0.9214303124439119
1952-11-01,-0.9191421663390278
1952-12-01,-0.9354103521627688
1953-01-01,-0.9742848389870894
1953-02-01,-0.28651866841309426
1953-03-01,-0.05773780825253411
1953-04-01,0.3414349811082332
1953-05-01,3.033770987763519
1953-06-01,2.9405853601781553
1953-07-01,4.1537944705461864
1953-08-01,3.8951756807053988
1953-09-01,3.8776866370216494
1953-10-01,4.510740445570145
1953-11-01,4.2631572227865755
1953-12-01,4.070985100660824
1954-01-01,3.863414750869142
1954-02-01,3.593071220985073
1954-03-01,3.4897847386974044
1954-04-01,3.260953466356759
1954-05-01,2.243618451972161
1954-06-01,2.020881289003208
1954-07-01,1.669611738980669
1954-08-01,1.7868991882091154
1954-09-01,1.8507017249679079
1954-10-01,1.2768671271952827
1954-11-01,1.2791865219087235
1954-12-01,1.2093753598780121
1955-01-01,1.128749412177779
1955-02-01,1.1172720509570764
1955-03-01,0.735043041623894
1955-04-01,0.3394835697945157
1955-05-01,0.27756225524316547
1955-06-01,0.25878983675176953
1955-07-01,-0.07457895302269377
1955-08-01,-0.05960504067755808
1955-09-01,-0.05312797900939644
1955-10-01,0.5401716248372072
1955-11-01,0.5459357844659712
1955-12-01,0.5739354039313078
1956-01-01,0.650329896431452
1956-02-01,0.780875351639204
1956-03-01,0.9996222780837235
1956-04-01,1.622040547771182
1956-05-01,1.8526115457748284
1956-06-01,1.9118016795867123
1956-07-01,1.8536002251431039
1956-08-01,2.3331245504488143
1956-09-01,2.268389488865113
1956-10-01,2.068211338918732
1956-11-01,2.14506018033093
1956-12-01,2.0325734394788215
1957-01-01,2.1815652992639225
1957-02-01,2.2345186045651957
1957-03-01,2.0980815069337537
1957-04-01,1.7370637812403016
1957-05-01,1.5831102267577424
1957-06-01,1.6366575081124288
1957-07-01,1.6430178366142736
1957-08-01,1.308434239283288
1957-09-01,1.3691672025364026
1957-10-01,1.3110290159621454
1957-11-01,1.8742237543292593
1957-12-01,3.345149084853228
1958-01-01,3.147296458382748
1958-02-01,3.0219355888896517
1958-03-01,2.8646099050616765
1958-04-01,2.7200456285134678
1958-05-01,2.579241823059046
1958-06-01,2.272154485454999
1958-07-01,2.471342376689615
1958-08-01,3.0951577727760236
1958-09-01,3.2153714318472812
1958-10-01,3.099848347284211
1958-11-01,2.8012867783861113
1958-12-01,1.6227751883898565
1959-01-01,1.4682254967193358
1959-02-01,1.5134922996415408
1959-03-01,1.3841733935918692
1959-04-01,1.1533085525519697
1959-05-01,1.1547284281676953
1959-06-01,1.1363208863913699
1959-07-01,1.0409018058245885
1959-08-01,0.5418017295829327
1959-09-01,0.6036664173672072
1959-10-01,0.881196502283396
1959-11-01,0.8171115891007227
1959-12-01,0.7911278325750425
1960-01-01,0.8013101404330396
1960-02-01,1.0709834678066097
1960-03-01,1.3850986254888975
1960-04-01,1.2991559133163737
1960-05-01,1.1407193735241679
1960-06-01,1.2651763844674884
1960-07-01,1.4148967779601938
1960-08-01,1.3668391029543412
1960-09-01,0.9508964988003406
1960-10-01,1.0332056445460156
1960-11-01,1.0464828689950423
1960-12-01,0.7961582084544454
1961-01-01,0.7024803430939357
1961-02-01,0.573072948312193
1961-03-01,0.35801627683448306
1961-04-01,0.392150734719415
1961-05-01,0.30160591965813005
1961-06-01,0.43993511729874324
1961-07-01,0.0555426256626758
1961-08-01,0.115764483164491
1961-09-01,0.13470438405408397
1961-10-01,0.12315538133538388
1961-11-01,0.1142734973208711
1961-12-01,0.14021562085997472
1962-01-01,0.13888841768458182
1962-02-01,0.09151057393530149
1962-03-01,0.1807853128735647
1962-04-01,0.21567461732102705
1962-05-01,0.17517469879921901
1962-06-01,-0.021434993997772385
1962-07-01,0.03604040654541002
1962-08-01,-0.1436415410854379
1962-09-01,-0.17346118154296986
1962-10-01,-0.18846660121159298
1962-11-01,-0.19253710765396437
1962-12-01,-0.33990038921476823
1963-01-01,-0.3586603939778165
1963-02-01,-0.22472340212804445
1963-03-01,-0.3554390115163939
1963-04-01,-0.4279148530424686
1963-05-01,-0.409330012724551
1963-06-01,-0.39851346047787695
1963-07-01,-0.5057073286237022
1963-08-01,-0.5129260175192697
1963-09-01,-0.4146964829313525
1963-10-01,-0.47304821707012773
1963-11-01,-0.47849800141987753
1963-12-01,-0.5874629755253684
1964-01-01,-0.6269101735647062
1964-02-01,-0.6701755756924396
1964-03-01,-0.6011863704043953
1964-04-01,-0.6033079041897915
1964-05-01,-0.6267319335575804
1964-06-01,-0.6177558816399972
1964-07-01,-0.6185858486600656
1964-08-01,-0.5763209867058028
1964-09-01,-0.6872551344958009
1964-10-01,-0.6720077135987069
1964-11-01,-0.6543840856494502
1964-12-01,-0.6194124363262553
1965-01-01,-0.6477473926124738
1965-02-01,-0.6521818686310243
1965-03-01,-0.7872774113666461
1965-04-01,-0.8118635260692152
1965-05-01,-0.8313277665978575
1965-06-01,-0.8589432277492826
1965-07-01,-0.8380118014573741
1965-08-01,-0.8199583606380778
1965-09-01,-0.7565739188462413
1965-10-01,-0.7259367182814811
1965-11-01,-0.6251613070696552
1965-12-01,-0.3436197806542236
1966-01-01,-0.3275138416569705
1966-02-01,-0.030539910858599275
1966-03-01,-0.048197136627903606
1966-04-01,0.14117321433436628
1966-05-01,0.13793449479153252
1966-06-01,0.1320867655787074
1966-07-01,0.24537320153613099
1966-08-01,0.3186975060791556
1966-09-01,0.39216801853800637
1966-10-01,0.6649806227665224
1966-11-01,0.7101094697753786
1966-12-01,1.1937031526768316
1967-01-01,1.4166949779786127
1967-02-01,1.2818058735155207
1967-03-01,1.2651781159259887
1967-04-01,1.2438381947179487
1967-05-01,1.4509837580900382
1967-06-01,1.5237793376723434
1967-07-01,1.4463504155109808
1967-08-01,1.361320133417947
1967-09-01,1.3060782111146516
1967-10-01,1.255072334676813
1967-11-01,1.352368261505461
1967-12-01,0.8440673573540902
1968-01-01,0.5706936086214576
1968-02-01,0.5172304261636237
1968-03-01,0.4297661517154363
1968-04-01,0.5688939152542742
1968-05-01,0.5461486138616062
1968-06-01,0.6820517689347162
1968-07-01,0.8601837751901158
1968-08-01,0.847330778293568
1968-09-01,0.8474139579021263
1968-10-01,0.7778699065923979
1968-11-01,0.5770025067812137
1968-12-01,0.9371501450167314
1969-01-01,0.808675657734484
1969-02-01,0.8325981525599879
1969-03-01,0.7812104014094543
1969-04-01,0.7732943283146327
1969-05-01,0.7058256596880081
1969-06-01,0.7153506570192862
1969-07-01,0.39111173302579383
1969-08-01,0.2971237731318437
1969-09-01,0.7701237185709736
1969-10-01,0.8856958119317977
1969-11-01,0.8794569425428322
1969-12-01,1.1871882688642195
1970-01-01,1.144842309660147
1970-02-01,2.040867644448308
1970-03-01,2.087071653008244
1970-04-01,2.0941276783347464
1970-05-01,2.3577321750604257
1970-06-01,2.32798629188638
1970-07-01,2.535562141727172
1970-08-01,2.5534513639175405
1970-09-01,2.25661022100891
1970-10-01,2.203233812641199
1970-11-01,2.413925299038036
1970-12-01,2.0951101178180864
1971-01-01,2.009124296436347
1971-02-01,1.7289322436386374
1971-03-01,1.8132840024233818
1971-04-01,1.6305959412325879
1971-05-01,1.7093612450608282
1971-06-01,1.772112468727836
1971-07-01,1.7846360700617754
1971-08-01,1.681901758080272
1971-09-01,1.8284831541922502
1971-10-01,1.8069811050820663
1971-11-01,1.630020549843191
1971-12-01,1.4615453791335706
1972-01-01,1.427366223074762
1972-02-01,1.4126276069909527
1972-03-01,1.1377510713262915
1972-04-01,1.131421256764261
1972-05-01,0.6029348488768385
1972-06-01,0.540530646713488
1972-07-01,0.3868836154649547
1972-08-01,0.4091731708585633
1972-09-01,0.20045317542496943
1972-10-01,0.03360218304578275
1972-11-01,0.06351151590365445
1972-12-01,0.06252759447802436
1973-01-01,0.028493997237483637
1973-02-01,0.08240785103426398
1973-03-01,0.07349540606838643
1973-04-01,0.04335543879927494
1973-05-01,0.03752666813180381
1973-06-01,-0.014791775342292519
1973-07-01,0.08916198610824438
1973-08-01,0.20785959944684643
1973-09-01,0.35645725269165907
1973-10-01,0.5051305087427052
1973-11-01,0.3717852163280976
1973-12-01,0.3284467137062814
1974-01-01,0.3677114322120049
1974-02-01,0.31878837650258335
1974-03-01,0.4266877579973768
1974-04-01,0.5926813494002373
1974-05-01,0.5535693022328474
1974-06-01,0.5697273232340516
1974-07-01,0.5514646740312569
1974-08-01,0.5502518163180792
1974-09-01,0.19085160033791376
1974-10-01,-0.016104464848605622
1974-11-01,0.12425009494157335
1974-12-01,0.2934772544266671
1975-01-01,0.33168388374843194
1975-02-01,0.40828937768208606
1975-03-01,0.6222279263062813
1975-04-01,0.908269602407057
1975-05-01,1.009295840569099
1975-06-01,1.067248236395687
1975-07-01,1.0342826233587665
1975-08-01,1.2407167130120162
1975-09-01,1.2572845605471108
1975-10-01,1.3326182549402918
1975-11-01,1.2488294739124446
1975-12-01,1.1628493839867957
1976-01-01,1.266323308329096
1976-02-01,1.256345124157384
1976-03-01,1.1234704677444225
1976-04-01,0.6838420404480213
1976-05-01,0.8917792880340288
1976-06-01,0.8198422604262422
1976-07-01,0.7092290872638076
1976-08-01,0.37655031016390583
1976-09-01,0.3685354232081039
1976-10-01,0.2512559865786913
1976-11-01,0.2651435960433177
1976-12-01,0.4314895559447104
1977-01-01,0.6174318913948007
1977-02-01,0.6687985661772297
1977-03-01,0.6135427975683894
1977-04-01,0.5304014485574884
1977-05-01,0.35198708476988266
1977-06-01,0.34743610674157765
1977-07-01,0.36022194111686784
1977-08-01,0.4039480620999553
1977-09-01,0.36152539788061827
1977-10-01,0.40563855755374867
1977-11-01,0.331711580878275
1977-12-01,-0.07719729581631044
1978-01-01,-0.14742143579172912
1978-02-01,-0.18584542508722857
1978-03-01,-0.1819627441525369
1978-04-01,-0.2259399042643404
1978-05-01,-0.17219744152870012
1978-06-01,-0.38388102436995725
1978-07-01,-0.3743652665936379
1978-08-01,-0.09856551520882997
1978-09-01,-0.18416779676678033
1978-10-01,-0.20180351893695653
1978-11-01,-0.16093079472938215
1978-12-01,-0.13902334727746787
1979-01-01,-0.2134951360010463
1979-02-01,-0.21112027351155616
1979-03-01,-0.21996359560628398
1979-04-01,-0.22687026900548518
1979-05-01,-0.2591208106855067
1979-06-01,0.059627040117580764
1979-07-01,0.0019558026962140087
1979-08-01,-0.20142649344055732
1979-09-01,-0.08033283139145887
1979-10-01,1.0556693471557328
1979-11-01,1.0445292373921073
1979-12-01,1.0476965872390058
1980-01-01,1.13300135589181
1980-02-01,2.6180502208271217
1980-03-01,2.5371336630408723
1980-04-01,3.4452948792920073
1980-05-01,3.9653289862473917
1980-06-01,3.788867675040771
1980-07-01,3.9694047963782806
1980-08-01,4.080534132290171
1980-09-01,4.009312003094491
1980-10-01,3.6999419869037578
1980-11-01,3.841696138414319
1980-12-01,3.700786084952229
1981-01-01,3.646220882921806
1981-02-01,3.081278142246554
1981-03-01,3.017647784664668
1981-04-01,2.499691710844146
1981-05-01,1.5392159259060696
1981-06-01,1.641797513666461
1981-07-01,1.5755889041318665
1981-08-01,1.520634613371132
1981-09-01,1.5062065064660797
1981-10-01,1.6929527998701175
1981-11-01,2.637653266438219
1981-12-01,2.690549167020641
1982-01-01,2.867255544565121
1982-02-01,2.8008420874203184
1982-03-01,2.898842085465577
1982-04-01,2.773825797166023
1982-05-01,2.6324114526119344
1982-06-01,2.6227592387988494
1982-07-01,2.422399205276329
1982-08-01,2.347121986758318
1982-09-01,2.2520334712934105
1982-10-01,2.3476954414735864
1982-11-01,1.820053782816093
1982-12-01,1.8179638115861787
1983-01-01,1.3843106658761082
1983-02-01,1.5050625601976448
1983-03-01,1.4213388650234042
1983-04-01,1.3570815098395084
1983-05-01,1.3646135048398351
1983-06-01,1.2659615292974076
1983-07-01,1.4803801514260375
1983-08-01,1.4450539351347702
1983-09-01,1.257620157147978
1983-10-01,0.4001131030757898
1983-11-01,0.22669805038504798
1983-12-01,0.1081905366294473
1984-01-01,0.08232119182996324
1984-02-01,0.03879339894301773
1984-03-01,0.05534575373894441
1984-04-01,0.04807210273277747
1984-05-01,0.2824379308676676
1984-06-01,0.26436807683974256
1984-07-01,0.26383268103564955
1984-08-01,0.41344289075420426
1984-09-01,0.389026259408503
1984-10-01,0.41134247796480816
1984-11-01,0.5328374709787327
1984-12-01,0.5308013343093254
1985-01-01,0.5328607495831771
1985-02-01,0.5336840080108537
1985-03-01,0.49445131905300144
1985-04-01,0.43998859969660675
1985-05-01,0.05590437142294724
1985-06-01,0.015488110787665042
1985-07-01,0.1416067780610767
1985-08-01,0.11705119110507041
1985-09-01,0.16103594583428205
1985-10-01,0.1314308186445586
1985-11-01,0.0010090579642487213
1985-12-01,-0.036509448561408336
1986-01-01,-0.04447412029593724
1986-02-01,0.04073309931838819
1986-03-01,0.10580344086483277
1986-04-01,0.13945902296278975
1986-05-01,0.3888531676336425
1986-06-01,0.3550266361772333
1986-07-01,0.31105512371940613
1986-08-01,0.28157241480346273
1986-09-01,0.39638052006517055
1986-10-01,0.43612460814564796
1986-11-01,0.41496142460963514
1986-12-01,0.3758734708937466
1987-01-01,0.37883892100836863
1987-02-01,0.32195675989137335
1987-03-01,-0.15205372295229416
1987-04-01,0.029092460550367082
1987-05-01,0.16233970135872494
1987-06-01,0.19049861581019792
1987-07-01,0.0011355995687371849
1987-08-01,-0.0013495219817831084
1987-09-01,0.18898761504398207
1987-10-01,0.16172887273932224
1987-11-01,0.34281406128145353
1987-12-01,0.3447380299666326
1988-01-01,0.4083417914442242
1988-02-01,0.49297839854925857
1988-03-01,0.5095246846663437
1988-04-01,0.3933990056665294
1988-05-01,0.35637884444619505
1988-06-01,0.32954563514204926
1988-07-01,0.33332782801033556
1988-08-01,0.3371395662218771
1988-09-01,0.15647427050627577
1988-10-01,0.132639070284165
1988-11-01,-0.03777025802449323
1988-12-01,-0.05079142417689523
1989-01-01,-0.1390234006185437
1989-02-01,-0.3292442480671955
1989-03-01,-0.3144908395186961
1989-04-01,-0.35511201305749923
1989-05-01,-0.41805155504823027
1989-06-01,-0.2478741835274856
1989-07-01,-0.24934227904978107
1989-08-01,-0.23439422413150823
1989-09-01,-0.2126447006609879
1989-10-01,-0.23610772662615997
1989-11-01,-0.30962104896256715
1989-12-01,-0.34605348573824385
1990-01-01,-0.15318560839126255
1990-02-01,-0.07835722685292018
1990-03-01,-0.0786984973940462
1990-04-01,0.01853392836377565
1990-05-01,-0.004685212888994814
1990-06-01,-0.23206877850564314
1990-07-01,-0.309695676265998
1990-08-01,-0.28147211720599624
1990-09-01,-0.2920718757087395
1990-10-01,-0.3151576811295773
1990-11-01,-0.25441849304851655
1990-12-01,-0.16718032554171058
1991-01-01,-0.24125715320457303
1991-02-01,-0.24450660984959363
1991-03-01,-0.12034391012157297
1991-04-01,-0.16771480705696895
1991-05-01,-0.1661447892985704
1991-06-01,-0.12294437068546743
1991-07-01,-0.09743064133611502
1991-08-01,-0.11847009497480776
1991-09-01,-0.16966536948237254
1991-10-01,-0.1658220811019761
1991-11-01,-0.23230391057046068
1991-12-01,-0.2748581277145994
1992-01-01,-0.2833127978624237
1992-02-01,-0.19001406823045341
1992-03-01,-0.2165098301394062
1992-04-01,-0.22258583439376517
1992-05-01,-0.2169902097148447
1992-06-01,-0.29344131515005634
1992-07-01,-0.2729128089266089
1992-08-01,-0.33310559330707745
1992-09-01,-0.3591241929662263
1992-10-01,-0.31596744351915323
1992-11-01,-0.19640093687700133
1992-12-01,-0.23766136127077606
1993-01-01,-0.26905112541170806
1993-02-01,-0.3485666800970443
1993-03-01,-0.4227555192987252
1993-04-01,-0.4308960330314114
1993-05-01,-0.39452725041710585
1993-06-01,-0.37651132752787975
1993-07-01,-0.4348377369997619
1993-08-01,-0.46471670928518855
1993-09-01,-0.44101162041326714
1993-10-01,-0.4949021632680742
1993-11-01,-0.3574374181161588
1993-12-01,-0.3477046896948272
1994-01-01,-0.34440680285114034
1994-02-01,-0.32863270799481914
1994-03-01,-0.15216599006563772
1994-04-01,0.022058380884804118
1994-05-01,0.05955481719622671
1994-06-01,0.03368014240874858
1994-07-01,-0.024114670033543492
1994-08-01,-0.05881511305049577
1994-09-01,-0.19749052949717252
1994-10-01,-0.17392469946606257
1994-11-01,-0.19892773707049793
1994-12-01,-0.147554112847788
1995-01-01,-0.15968282102141348
1995-02-01,-0.060966491565009016
1995-03-01,-0.12108300316469596
1995-04-01,-0.28489526294477435
1995-05-01,-0.2687798369114437
1995-06-01,-0.201376556746433
1995-07-01,-0.17718472367634786
1995-08-01,-0.10518005049658674
1995-09-01,-0.1618856388195849
1995-10-01,-0.3141183459824532
1995-11-01,-0.38993846382183617
1995-12-01,-0.39761801146761194
1996-01-01,-0.40688428634950796
1996-02-01,-0.32650977447972884
1996-03-01,-0.09133322420893727
1996-04-01,-0.018380402734554237
1996-05-01,-0.05206174208606489
1996-06-01,-0.16060726664230682
1996-07-01,-0.18636701872070588
1996-08-01,-0.17511409436480496
1996-09-01,-0.2200429168456581
1996-10-01,-0.18889370825520596
1996-11-01,-0.18523107827130178
1996-12-01,-0.2197852006515385
1997-01-01,-0.16133466416942516
1997-02-01,-0.14623017575307456
1997-03-01,-0.19095831685138567
1997-04-01,-0.1626982745678061
1997-05-01,-0.1449350841408931
1997-06-01,-0.17767728918706804
1997-07-01,-0.16507616211598689
1997-08-01,-0.17126643731095645
1997-09-01,-0.2135727363613885
1997-10-01,-0.2653389122719596
1997-11-01,-0.30000021254801834
1997-12-01,-0.2984658359875582
1998-01-01,-0.3880746237787684
1998-02-01,-0.37965487890891436
1998-03-01,-0.4634468407052868
1998-04-01,-0.5615577721197255
1998-05-01,-0.5904260070394354
1998-06-01,-0.6210885501536697
1998-07-01,-0.6752408957530648
1998-08-01,-0.7123402052457658
1998-09-01,-0.5321418701352767
1998-10-01,-0.5374227741129913
1998-11-01,-0.3845635613642447
1998-12-01,-0.4146888833719178
1999-01-01,-0.4163405451227574
1999-02-01,-0.3049428459396012
1999-03-01,-0.24253451172913987
1999-04-01,-0.2213324435882618
1999-05-01,-0.064679727121961
1999-06-01,0.044530317409361
1999-07-01,0.026947493547967313
1999-08-01,0.024465661932964528
1999-09-01,-0.22161453485440924
1999-10-01,-0.30874817867121696
1999-11-01,-0.3200152727328801
1999-12-01,-0.36661846825411293
2000-01-01,-0.2894211887989638
2000-02-01,-0.2797767774889031
2000-03-01,-0.22323213610731998
2000-04-01,-0.1259428452324237
2000-05-01,-0.057129567763077
2000-06-01,-0.11253332494065632
2000-07-01,-0.11161217588345229
2000-08-01,-0.07475737116695835
2000-09-01,-0.07579850940757575
2000-10-01,-0.10417847276362066
2000-11-01,-0.10359957800931226
2000-12-01,-0.08660671347109947
2001-01-01,-0.25616131584203
2001-02-01,-0.24214599860575775
2001-03-01,-0.24810830426214106
2001-04-01,-0.19847194833522874
2001-05-01,-0.31917828447368896
2001-06-01,-0.34612719148736143
2001-07-01,-0.2505268431650504
2001-08-01,-0.2582312954319677
2001-09-01,-0.25769262284083666
2001-10-01,-0.17792945363251023
2001-11-01,-0.11311505551989198
2001-12-01,0.035619606667204706
2002-01-01,0.042481164891180305
2002-02-01,0.03534135266780979
2002-03-01,0.11091836287854037
2002-04-01,0.06530023667142275
2002-05-01,0.04868327428844742
2002-06-01,0.05468620704185596
2002-07-01,0.005256320435502031
2002-08-01,-0.024467744365254816
2002-09-01,-0.00025426071048609375
2002-10-01,-0.06722653021088155
2002-11-01,-0.07800089099172401
2002-12-01,-0.2904529905528164
2003-01-01,-0.2951001424168249
2003-02-01,-0.3091937179015329
2003-03-01,-0.49667432664923217
2003-04-01,-0.3308050603614516
2003-05-01,-0.28651680978226074
2003-06-01,-0.31281645824795373
2003-07-01,0.08793056739243221
2003-08-01,0.1867914364580004
2003-09-01,0.08578317012680517
2003-10-01,0.12516283388356156
2003-11-01,0.1678391763379709
2003-12-01,0.15057685842203797
2004-01-01,0.1526857969550723
2004-02-01,0.13892619468095574
2004-03-01,0.15051809758513246
2004-04-01,0.25744929679804296
2004-05-01,0.17102336231036983
2004-06-01,0.1013759535671143
2004-07-01,0.0023288633237595565
2004-08-01,-0.07764473267117586
2004-09-01,-0.08582429981940728
2004-10-01,-0.1554118974969107
2004-11-01,-0.19866159789224497
2004-12-01,-0.1310550907453282
2005-01-01,-0.11812350274836839
2005-02-01,-0.12749363774041933
2005-03-01,-0.08926476578047193
2005-04-01,-0.2749405350303434
2005-05-01,-0.33243598178572076
2005-06-01,-0.3154203004573114
2005-07-01,-0.3535341422511017
2005-08-01,-0.4185344511608426
2005-09-01,-0.4692655976030249
2005-10-01,-0.3425146949288432
2005-11-01,-0.14972056115967391
2005-12-01,-0.1357314127968818
2006-01-01,-0.17435050579877218
2006-02-01,-0.10801860019762215
2006-03-01,-0.15242968464442333
2006-04-01,-0.1123201125247897
2006-05-01,-0.24426100676170737
2006-06-01,-0.3163167768251869
2006-07-01,-0.29711075390685654
2006-08-01,-0.19504835429051634
2006-09-01,-0.032384009796920944
2006-10-01,0.01291977464905037
2006-11-01,-0.11814383356246196
2006-12-01,-0.21735297242221246
2007-01-01,-0.1507974951107819
2007-02-01,-0.19810931608939508
2007-03-01,-0.220381822974434
2007-04-01,-0.279233148365117
2007-05-01,-0.29954557667363607
2007-06-01,-0.11891268875487596
2007-07-01,-0.09032902259193606
2007-08-01,-0.027391437682088474
2007-09-01,-0.17531665610014693
2007-10-01,-0.32111036726119274
2007-11-01,-0.3581240126157987
2007-12-01,-0.32116735245934924
2008-01-01,-0.35716775224385744
2008-02-01,-0.3260906150050518
2008-03-01,-0.3319250198535438
2008-04-01,-0.2912955869524241
2008-05-01,-0.2281790239537235
2008-06-01,-0.31395667699394275
2008-07-01,-0.3904177079311166
2008-08-01,-0.3875087689814794
2008-09-01,-0.3140252230983108
2008-10-01,-0.003101591705582946
2008-11-01,0.4119527716389648
2008-12-01,1.0274991437436582
2009-01-01,1.0382460332881644
2009-02-01,1.135012274540772
2009-03-01,1.1485793023712156
2009-04-01,1.1656136487279458
2009-05-01,1.2632131620110896
2009-06-01,1.357705399110081
2009-07-01,1.3820966519870772
2009-08-01,1.3085057722839724
2009-09-01,1.2523186553928474
2009-10-01,1.0698795949337652
2009-11-01,0.578861862112471
2009-12-01,-0.320293377202427
2010-01-01,-0.30530284336656005
2010-02-01,-0.319719600569657
2010-03-01,-0.34653574094278944
2010-04-01,-0.33353078023498195
2010-05-01,-0.26630408622080554
2010-06-01,-0.40562054435613454
2010-07-01,-0.4646767078879007
2010-08-01,-0.4582899795185687
2010-09-01,-0.4865864756119252
2010-10-01,-0.5071830836841634
2010-11-01,-0.41683851602935396
2010-12-01,-0.22975205351332
2011-01-01,-0.21918347043234573
2011-02-01,-0.19716100647796297
2011-03-01,-0.1676127690845583
2011-04-01,-0.18805693305013102
2011-05-01,-0.29663292077846415
2011-06-01,-0.29906512464410767
2011-07-01,-0.3036764859247475
2011-08-01,-0.14619411244603317
2011-09-01,-0.12775831573344124
2011-10-01,-0.0058925943657384796
2011-11-01,-0.017954526221268002
2011-12-01,-0.15399240312434256
2012-01-01,-0.16600546990405152
2012-02-01,-0.20823252139719284
2012-03-01,-0.11829706660463873
2012-04-01,-0.12392421780688374
2012-05-01,-0.09171646570729
2012-06-01,-0.0938254352055278
2012-07-01,-0.06839789335242218
2012-08-01,-0.3080748165424041
2012-09-01,-0.3944106533162064
2012-10-01,-0.45266766463281266
2012-11-01,-0.38729944593116783
2012-12-01,-0.3563311164190253
2013-01-01,-0.2733035299608962
2013-02-01,-0.26060539239514674
2013-03-01,-0.29063005182163565
2013-04-01,-0.2438797289624747
2013-05-01,-0.29804468367013626
2013-06-01,-0.23577111020385047
2013-07-01,-0.22441673512279986
2013-08-01,-0.1889295455174466
2013-09-01,-0.1760892058491
2013-10-01,-0.1071599227033118
2013-11-01,-0.19500890095213846
2013-12-01,-0.22460177717252172
2014-01-01,-0.23699745556200014
2014-02-01,-0.23746283365408605
2014-03-01,-0.24672912543970082
2014-04-01,-0.36362679345034077
2014-05-01,-0.36173590113084203
2014-06-01,-0.4637430263870676
2014-07-01,-0.5405862917208696
2014-08-01,-0.5383773580211376
2014-09-01,-0.5138864940810141
2014-10-01,-0.5249611543048578
2014-11-01,-0.46688497780423394
2014-12-01,-0.44813658300845016
2015-01-01,-0.2926516664176955
2015-02-01,-0.2645143593865696
2015-03-01,-0.25462837525353893
2015-04-01,-0.2660138404323066
2015-05-01,-0.1603461776809684
2015-06-01,-0.13172232260316244
2015-07-01,-0.14923230925395273
2015-08-01,-0.16592316513361832
2015-09-01,-0.15817849489286298
2015-10-01,-0.23412868767835196
2015-11-01,-0.2373322896164317
2015-12-01,-0.30111064123935083
2016-01-01,-0.5139217236587765
2016-02-01,-0.4276425298850768
2016-03-01,-0.4063836314175285
2016-04-01,-0.4283845071551664
2016-05-01,-0.510659933725013
2016-06-01,-0.560259309554099
2016-07-01,-0.544407245168155
2016-08-01,-0.5612666543882462
2016-09-01,-0.5866948383675753
2016-10-01,-0.5669651853958664
2016-11-01,-0.4216487874402739
2016-12-01,-0.35915944305429676
2017-01-01,-0.3947073904980391
2017-02-01,-0.5145725142715848
2017-03-01,-0.4689930008024988
2017-04-01,-0.43968658703096697
2017-05-01,-0.40515603382011434
2017-06-01,-0.40886196301585986
2017-07-01,-0.4379598742982818
2017-08-01,-0.4337031617076058
2017-09-01,-0.43129404246489605
2017-10-01,-0.37196704755778665
2017-11-01,-0.5143154861162261
2017-12-01,-0.6420998347393937
2018-01-01,-0.5801163148916576
2018-02-01,-0.4710587875750516
2018-03-01,-0.485570111786662
2018-04-01,-0.5475464526228979
2018-05-01,-0.5653519336575057
2018-06-01,-0.5974353202903677
2018-07-01,-0.6116834788732105
2018-08-01,-0.6141848846256848
2018-09-01,-0.5799897235649785
2018-10-01,-0.6070266869198665
2018-11-01,-0.5294425733190432
2018-12-01,-0.35854021074578984
2019-01-01,-0.36503762720348626
2019-02-01,-0.4716274765305092
2019-03-01,-0.4876550430744212
2019-04-01,-0.5017129826582158
2019-05-01,-0.5199019040549705
2019-06-01,-0.4400204718082869
2019-07-01,-0.38888386110460527
2019-08-01,-0.3783871663282698
2019-09-01,-0.38080204771353826
2019-10-01,-0.4367640180330587
2019-11-01,-0.44337004951112485
2019-12-01,-0.5044454042989278
2020-01-01,-0.5263696101432955
2020-02-01,-0.513809784606202
2020-03-01,-0.2829993584962672
2020-04-01,-0.1249483613407435
2020-05-01,-0.08957002959163243
2020-06-01,-0.11414735947498039
2020-07-01,-0.22301791311978234
2020-08-01,-0.2421382476529351
2020-09-01,-0.2473715851392169
2020-10-01,-0.1891924745168293
2020-11-01,-0.1786695258342022
2020-12-01,-0.18844353749040466
2021-01-01,-0.13223881378484578
2021-02-01,-0.11980558818458023
2021-03-01,-0.44609556710383835
2021-04-01,-0.7613093470665038
2021-05-01,-0.8205357622049381
2021-06-01,-0.785818490140172
2021-07-01,-0.7401359714393277
2021-08-01,-0.7012574383003142
2021-09-01,-0.6938866777302226
2021-10-01,-0.7214786808746099
2021-11-01,-0.7990109653553519
2021-12-01,-0.8107170464409957
2022-01-01,-0.7488919793488776
2022-02-01,-0.7381554349280254
2022-03-01,-0.7723603143538
2022-04-01,-0.38559894512378595
2022-05-01,-0.3654164670985521
2022-06-01,-0.3486049840729316
2022-07-01,-0.23590478620271063
2022-08-01,-0.17493957633957935
2022-09-01,0.06419154992916191
2022-10-01,0.22229335344212023
2022-11-01,0.346504948089663
2022-12-01,0.5151786180095911
2023-01-01,0.5445855603840281
2023-02-01,0.6070722460878959
2023-03-01,0.6863452935330417
2023-04-01,0.5540743088659564
2023-05-01,0.6017065452584153
2023-06-01,0.5907357381018544
2023-07-01,0.5025194763654963
2023-08-01,0.5011205664334298
2023-09-01,0.3123872156704625
